Product Name,Product Price,Product Image
1. Earpiece Speaker 听筒 (10 Pieces/Lot) 10个装 for Apple iPhone 5S / SE Orig MOQ:10,$0.72,https://static.insales-cdn.com/assets/1/5664/3724832/1674546397/uk-icon.png
2. Earpiece Speaker 听筒 (10 Pieces/Lot) 10个装 for Apple iPhone 6 Orig MOQ:10,$0.72,https://static.insales-cdn.com/assets/1/5664/3724832/1674546397/russia-icon.png
3. Earpiece Speaker 听筒 (10 Pieces/Lot) 10个装 for Apple iPhone 6 Plus Orig MOQ:10,$0.89,https://static.insales-cdn.com/assets/1/5664/3724832/1674546397/uk-icon.png
4. Earpiece Speaker 听筒 (10 Pieces/Lot) 10个装 for Apple iPhone 6S Orig MOQ:10,$0.89,https://static.insales-cdn.com/assets/1/428/3981740/1685618934/logotype.jpg
5. Earpiece Speaker 听筒 (10 Pieces/Lot) 10个装 for Apple iPhone 6s Plus Orig MOQ:10,$0.89,https://static.insales-cdn.com/assets/1/5664/3724832/1674546397/uk-icon.png
6. Earpiece Speaker 听筒 (10 Pieces/Lot) 10个装 for Apple iPhone 7 Orig MOQ:10,$0.54,https://static.insales-cdn.com/assets/1/5664/3724832/1674546397/russia-icon.png
7. Earpiece Speaker 听筒 (10 Pieces/Lot) 10个装 for Apple iPhone 7 Plus Orig MOQ:10,$0.72,https://static.insales-cdn.com/assets/1/5664/3724832/1674546397/uk-icon.png
8. Earpiece Speaker 听筒 (10 Pieces/Lot) 10个装 for Apple iPhone 8 MOQ:10,$0.54,https://static.insales-cdn.com/images/collections/1/5758/89364094/H9a8f1a5fbfdf4e3088c2755cd2d0878fU.jpg
9. Earpiece Speaker 听筒 (10 Pieces/Lot) 10个装 for Apple iPhone 8 Plus MOQ:10,$0.72,https://static.insales-cdn.com/r/SYqtocWoWL0/rs:fit:380:380:1/plain/images/products/1/3394/350137666/large_ear_speaker_for_apple_iphone_5s_maxbhi_com_98365.jpg
10. Earpiece Speaker 听筒 (10 Pieces/Lot) 10个装 for Apple iPhone X MOQ:10,$3.57,https://static.insales-cdn.com/r/T9xudxQj9do/rs:fit:380:380:1/plain/images/products/1/4720/350138992/large_tumbnail_c838f2a8-4210-4c37-8657-4d11e1deb3d1.jpg
11. Earpiece Speaker 听筒 (10 Pieces/Lot) 10个装 for Apple iPhone XR MOQ:10,$5.36,https://static.insales-cdn.com/r/Xl3q7pDZzuE/rs:fit:380:380:1/plain/images/products/1/4866/350139138/large_tumbnail_c838f2a8-4210-4c37-8657-4d11e1deb3d1.jpg
12. Earpiece Speaker 听筒 (10 Pieces/Lot) 10个装 for Apple iPhone Xs Max MOQ:10,$5.36,https://static.insales-cdn.com/r/RlhOovxiI5s/rs:fit:380:380:1/plain/images/products/1/4265/350138537/large_rBVaEVm1-GiAOTVTAAMkRLrUqqs691.jpg
13. Earpiece Speaker 听筒 for Apple iPhone 11 MOQ:10,$1.16,https://static.insales-cdn.com/assets/1/5664/3724832/1674546397/uk-icon.png
14. Earpiece Speaker 听筒 for Apple iPhone 11 Pro Max MOQ:10,$6.26,https://static.insales-cdn.com/assets/1/5664/3724832/1674546397/russia-icon.png
15. Earpiece Speaker 听筒 for Apple iPhone 11 Pro MOQ:10,$2.23,https://static.insales-cdn.com/assets/1/5664/3724832/1674546397/uk-icon.png
16. Earpiece Speaker 听筒 for Apple iPhone 12 mini MOQ:10,$2.86,https://static.insales-cdn.com/assets/1/428/3981740/1685618934/logotype.jpg
17. Earpiece Speaker 听筒 for Apple iPhone 12 MOQ:5,$4.11,https://static.insales-cdn.com/assets/1/5664/3724832/1674546397/uk-icon.png
18. Earpiece Speaker 听筒 for Apple iPhone 12 Pro Max MOQ:5,$6.26,https://static.insales-cdn.com/assets/1/5664/3724832/1674546397/russia-icon.png
19. Earpiece Speaker 听筒 for Apple iPhone 12 Pro MOQ:5,$4.11,https://static.insales-cdn.com/assets/1/5664/3724832/1674546397/uk-icon.png
20. Earpiece Speaker 听筒 for Apple iPhone 13 mini MOQ:5,$3.04,https://static.insales-cdn.com/r/0H4_weGYEnc/rs:fit:380:380:1/plain/images/products/1/1646/334710382/large_ear_speaker_for_apple_iphone_11_by_maxbhi_com_99522.jpg
21. Earpiece Speaker 听筒 for Apple iPhone 13 MOQ:5,$4.11,https://static.insales-cdn.com/r/cNrbIh5cCJE/rs:fit:380:380:1/plain/images/products/1/1403/297149819/large_%D0%91%D0%B5%D0%B7%D1%8B%D0%BC%D1%8F%D0%BD%D0%BD%D1%8B%D0%B9.png
22. Earpiece Speaker 听筒 for Apple iPhone 13 Pro Max MOQ:5,$6.97,https://static.insales-cdn.com/r/kj56Cy4F1tE/rs:fit:380:380:1/plain/images/products/1/1936/334710672/large_ear_speaker_for_apple_iphone_11_by_maxbhi_com_99522.jpg
23. Earpiece Speaker 听筒 for Apple iPhone 13 Pro MOQ:5,$12.51,https://static.insales-cdn.com/r/PujLlqYSrZA/rs:fit:380:380:1/plain/images/products/1/7214/490527790/large_Speaker-Ringer-Buzzer-for-iPhone-12-Mini-01-1000x1000.jpg
24. Earpiece Speaker 听筒 for Apple iPhone 14 MOQ:5,$8.04,https://static.insales-cdn.com/r/8sdb9rRtWck/rs:fit:380:380:1/plain/images/products/1/1666/409044610/large_verhnij-sluhovoj-dinamik-iphone-12-kupit.1000x.jpg
25. Earpiece Speaker 听筒 for Apple iPhone 14 Plus MOQ:5,$9.29,https://static.insales-cdn.com/assets/1/5664/3724832/1674546397/uk-icon.png
26. Earpiece Speaker 听筒 for Apple iPhone 14 Pro Max MOQ:5,$4.29,https://static.insales-cdn.com/assets/1/5664/3724832/1674546397/russia-icon.png
27. Earpiece Speaker 听筒 for Apple iPhone 14 Pro MOQ:5,$6.26,https://static.insales-cdn.com/assets/1/5664/3724832/1674546397/uk-icon.png
28. Earpiece Speaker 听筒 for Apple iPhone XS MOQ:10,$1.79,https://static.insales-cdn.com/assets/1/428/3981740/1685618934/logotype.jpg
29. Speaker Huawei P6 / G510 MOQ:50,$0.05,https://static.insales-cdn.com/assets/1/5664/3724832/1674546397/uk-icon.png
30. Speaker Huawei P8 MOQ:50,$0.11,https://static.insales-cdn.com/assets/1/5664/3724832/1674546397/russia-icon.png
31. Speaker Huawei P9 MOQ:50,$0.30,https://static.insales-cdn.com/assets/1/5664/3724832/1674546397/uk-icon.png
32. Speaker Samsung A11 A115F MOQ:20,$0.18,https://static.insales-cdn.com/r/K9_D7CiSHEY/rs:fit:380:380:1/plain/images/products/1/3436/671165804/large_iPhone_14_plus_Earpiece_Speaker.png
33. Speaker Samsung A31 A315F MOQ:20,$0.18,https://static.insales-cdn.com/r/HemqUAcGqHs/rs:fit:380:380:1/plain/images/products/1/3407/671165775/large_Earpiece_Speaker_for_Apple_iPhone_14_Pro_Max.png
34. Speaker Samsung A3 2016 A310 MOQ:20,$0.40,https://static.insales-cdn.com/r/Ku7irwhzPZ8/rs:fit:380:380:1/plain/images/products/1/3422/671165790/large_iPhone_14_Pro_Earpiece_Speaker.png
35. Speaker Samsung A41 A415F MOQ:20,$0.18,https://static.insales-cdn.com/r/4ZpHAJLZT88/rs:fit:380:380:1/plain/images/products/1/2967/208620439/large_iphone-xs-earpiece-speaker-replacement-800x800.gif
36. Speaker Samsung A51 A515F MOQ:20,$0.18,https://static.insales-cdn.com/r/p_sruXwbpZc/rs:fit:380:380:1/plain/images/products/1/3666/350146130/large_%D0%91%D0%B5%D0%B7_%D0%BD%D0%B0%D0%B7%D0%B2%D0%B0%D0%BD%D0%B8%D1%8F.jpg
37. Speaker Samsung A71 A715F MOQ:20,$0.18,https://static.insales-cdn.com/assets/1/5664/3724832/1674546397/uk-icon.png
38. Speaker Samsung G950F / Galaxy S8 MOQ:20,$0.18,https://static.insales-cdn.com/assets/1/5664/3724832/1674546397/russia-icon.png
39. Speaker Samsung G955F / Galaxy S8 Plus MOQ:20,$0.18,https://static.insales-cdn.com/assets/1/5664/3724832/1674546397/uk-icon.png
40. Speaker Samsung G960F / Galaxy S9 MOQ:20,$0.27,https://static.insales-cdn.com/assets/1/428/3981740/1685618934/logotype.jpg
41. Speaker Samsung G965F / Galaxy S9 Plus MOQ:20,$0.36,https://static.insales-cdn.com/assets/1/5664/3724832/1674546397/uk-icon.png
42. Speaker Samsung J310 / J320 MOQ:20,$0.14,https://static.insales-cdn.com/assets/1/5664/3724832/1674546397/russia-icon.png
43. Speaker Samsung J3 2017 / J330 MOQ:20,$0.18,https://static.insales-cdn.com/assets/1/5664/3724832/1674546397/uk-icon.png
44. Speaker Samsung J4 2018 / J400 MOQ:10,$0.14,https://static.insales-cdn.com/r/IOpt_2rPufs/rs:fit:380:380:1/plain/images/products/1/8040/367886184/large_H418b59a27a4245bca5e97fbbf21243ddZ.jpg
45. Speaker Samsung J5 2016 J510 MOQ:20,$0.14,https://static.insales-cdn.com/r/A_qqnwu-gCo/rs:fit:380:380:1/plain/images/products/1/6610/360290770/large_HTB1DLM8adfvK1RjSspoq6zfNpXaq.jpg
46. Speaker Samsung J5 2017 / J530 MOQ:20,$0.18,https://static.insales-cdn.com/r/SseBpmdlWTo/rs:fit:380:380:1/plain/images/products/1/3859/360296211/large_HTB1DLM8adfvK1RjSspoq6zfNpXaq.jpg
47. Speaker Samsung J5 Prime / G570 MOQ:20,$0.18,https://static.insales-cdn.com/r/X4P3rHe6j6A/rs:fit:380:380:1/plain/images/products/1/1058/360301602/large_Samsung-Galaxy-S9-G960F-Earpiece-15082018-1-p.jpg
48. Speaker Samsung J6 2018 / J600 MOQ:20,$0.27,https://static.insales-cdn.com/r/ZkcmtFzvU3s/rs:fit:380:380:1/plain/images/products/1/2500/360311236/large_Loud-Speaker-Buzzer-Ringer-Flex-For-Samsung-Galaxy-S9-Plus-G960-G965-G960F-G965F-Replacement-Par.jpg
